title,sku,available
Accessories price 50,1.11311E+13,2
Accessories price 50,1.11311E+13,2
Accessories price 250,1.11311E+13,2
Accessories price 250,1.11311E+13,2
Accessories price 200,1.11311E+13,2
Accessories price 200,1.11311E+13,2
Accessories price 350,1.11311E+13,2
Accessories price 350,1.11311E+13,2
Accessories price 550,1.11311E+13,2
Accessories price 550,1.11311E+13,2
Accessories price 300,1.11311E+13,2
Accessories price 300,1.11311E+13,2
Accessories price100,1.11311E+13,2
Accessories price100,1.11311E+13,2
Accessories price150,1.11311E+13,2
Accessories price150,1.11311E+13,2
